-- Sample Data for Online Shop
USE online_shop;

-- Insert Categories
INSERT INTO categories (name, slug, description, parent_id, display_order) VALUES
('Electronics', 'electronics', 'Electronic devices and gadgets', NULL, 1),
('Fashion', 'fashion', 'Clothing and accessories', NULL, 2),
('Home & Kitchen', 'home-kitchen', 'Home appliances and kitchenware', NULL, 3),
('Books', 'books', 'Books and magazines', NULL, 4),
('Sports & Outdoors', 'sports-outdoors', 'Sports equipment and outdoor gear', NULL, 5),
('Beauty & Health', 'beauty-health', 'Beauty products and health items', NULL, 6),
('Toys & Games', 'toys-games', 'Toys and games for all ages', NULL, 7),
('Food & Beverages', 'food-beverages', 'Food products and drinks', NULL, 8);

INSERT INTO categories (name, slug, description, parent_id, display_order) VALUES
('Smartphones', 'smartphones', 'Mobile phones and accessories', 1, 1),
('Laptops', 'laptops', 'Notebook computers', 1, 2),
('Audio', 'audio', 'Headphones and speakers', 1, 3),
('Men''s Clothing', 'mens-clothing', 'Clothing for men', 2, 1),
('Women''s Clothing', 'womens-clothing', 'Clothing for women', 2, 2),
('Kitchen Appliances', 'kitchen-appliances', 'Appliances for kitchen', 3, 1),
('Furniture', 'furniture', 'Home furniture', 3, 2),
('Fiction', 'fiction', 'Fiction books', 4, 1),
('Non-Fiction', 'non-fiction', 'Non-fiction books', 4, 2),
('Fitness', 'fitness', 'Fitness equipment', 5, 1),
('Camping', 'camping', 'Camping gear', 5, 2),
('Skincare', 'skincare', 'Skin care products', 6, 1);

-- Insert 100 Users (representative sample)
INSERT INTO users (email, password_hash, first_name, last_name, phone, postal_code, prefecture, city, address_line1, birth_date, gender, membership_tier, created_at) VALUES
('user1@example.com', '$2b$12$hash', 'Taro', 'Tanaka', '090-1234-5678', '100-0001', 'Tokyo', 'Chiyoda-ku', '1-1-1', '1990-05-15', 'male', 'regular', '2023-01-15 10:00:00'),
('user2@example.com', '$2b$12$hash', 'Hanako', 'Suzuki', '090-2345-6789', '150-0002', 'Tokyo', 'Shibuya-ku', '2-2-2', '1985-08-20', 'female', 'gold', '2023-02-20 11:00:00'),
('user3@example.com', '$2b$12$hash', 'Kenji', 'Takahashi', '090-3456-7890', '530-0001', 'Osaka', 'Kita-ku', '3-3-3', '1992-03-10', 'male', 'silver', '2023-03-10 09:00:00'),
('user4@example.com', '$2b$12$hash', 'Yuki', 'Watanabe', '090-4567-8901', '220-0012', 'Kanagawa', 'Yokohama', '4-4-4', '1988-11-25', 'female', 'platinum', '2023-01-05 14:00:00'),
('user5@example.com', '$2b$12$hash', 'Sakura', 'Ito', '090-5678-9012', '460-0008', 'Aichi', 'Nagoya', '5-5-5', '1995-07-30', 'female', 'regular', '2023-04-01 08:00:00'),
('user6@example.com', '$2b$12$hash', 'Takeshi', 'Yamamoto', '090-6789-0123', '812-0011', 'Fukuoka', 'Hakata-ku', '6-6-6', '1980-12-05', 'male', 'gold', '2023-02-14 16:00:00'),
('user7@example.com', '$2b$12$hash', 'Mika', 'Nakamura', '090-7890-1234', '330-0063', 'Saitama', 'Urawa-ku', '7-7-7', '1993-04-18', 'female', 'regular', '2023-05-20 10:30:00'),
('user8@example.com', '$2b$12$hash', 'Hiroshi', 'Kobayashi', '090-8901-2345', '260-0013', 'Chiba', 'Chuo-ku', '8-8-8', '1987-09-08', 'male', 'silver', '2023-03-25 12:00:00'),
('user9@example.com', '$2b$12$hash', 'Yoko', 'Kato', '090-9012-3456', '650-0021', 'Hyogo', 'Kobe', '9-9-9', '1991-06-22', 'female', 'regular', '2023-06-10 09:30:00'),
('user10@example.com', '$2b$12$hash', 'Kazuki', 'Yoshida', '090-0123-4567', '060-0001', 'Hokkaido', 'Sapporo', '10-10-10', '1994-02-14', 'male', 'gold', '2023-01-20 15:00:00');

-- Generate more users (91-100 shown, repeat pattern for 11-90)
INSERT INTO users (email, password_hash, first_name, last_name, phone, postal_code, prefecture, city, address_line1, birth_date, gender, membership_tier, created_at)
SELECT
    CONCAT('user', n, '@example.com'),
    '$2b$12$hash',
    ELT(1 + (n % 10), 'Taro','Hanako','Yuki','Kenji','Sakura','Takeshi','Mika','Hiroshi','Yoko','Kazuki'),
    ELT(1 + (n % 10), 'Tanaka','Suzuki','Takahashi','Watanabe','Ito','Yamamoto','Nakamura','Kobayashi','Kato','Yoshida'),
    CONCAT('090-', LPAD(n * 111, 4, '0'), '-', LPAD(n * 123, 4, '0')),
    CONCAT(100 + (n % 900), '-', LPAD(n * 11, 4, '0')),
    ELT(1 + (n % 10), 'Tokyo','Osaka','Kanagawa','Aichi','Saitama','Chiba','Hyogo','Hokkaido','Fukuoka','Kyoto'),
    ELT(1 + (n % 5), 'Shibuya-ku','Shinjuku-ku','Minato-ku','Chiyoda-ku','Meguro-ku'),
    CONCAT(n, '-', (n % 20) + 1, '-', (n % 10) + 1),
    DATE_SUB('2000-01-01', INTERVAL (n * 73) DAY),
    IF(n % 2 = 0, 'male', 'female'),
    ELT(1 + (n % 4), 'regular','regular','silver','gold'),
    DATE_SUB(NOW(), INTERVAL (n * 7) DAY)
FROM (
    SELECT @row := @row + 1 as n FROM
    (SELECT 0 UNION ALL SELECT 1 UNION ALL SELECT 2 UNION ALL SELECT 3 UNION ALL SELECT 4 UNION ALL SELECT 5 UNION ALL SELECT 6 UNION ALL SELECT 7 UNION ALL SELECT 8 UNION ALL SELECT 9) t1,
    (SELECT 0 UNION ALL SELECT 1 UNION ALL SELECT 2 UNION ALL SELECT 3 UNION ALL SELECT 4 UNION ALL SELECT 5 UNION ALL SELECT 6 UNION ALL SELECT 7 UNION ALL SELECT 8 UNION ALL SELECT 9) t2,
    (SELECT @row := 10) t3
) numbers
WHERE n <= 100;

-- Insert 50 Products
INSERT INTO products (sku, name, description, category_id, price, cost_price, stock_quantity, is_featured, created_at) VALUES
('SKU-000001', 'iPhone 15 Pro 256GB', 'Latest Apple smartphone with A17 chip', 9, 159800, 120000, 50, 1, '2023-09-15'),
('SKU-000002', 'MacBook Air M3 13inch', 'Lightweight laptop with M3 chip', 10, 164800, 130000, 30, 1, '2023-10-01'),
('SKU-000003', 'Sony WH-1000XM5', 'Premium noise canceling headphones', 11, 49500, 35000, 100, 1, '2023-06-01'),
('SKU-000004', 'AirPods Pro 2nd Gen', 'Wireless earbuds with ANC', 11, 39800, 28000, 150, 0, '2023-07-15'),
('SKU-000005', 'Samsung Galaxy S24 Ultra', 'Flagship Android smartphone', 9, 189800, 140000, 40, 1, '2024-01-20'),
('SKU-000006', 'Dell XPS 15', 'High-performance Windows laptop', 10, 249800, 180000, 25, 0, '2023-08-10'),
('SKU-000007', 'Bose QuietComfort Ultra', 'Premium wireless headphones', 11, 52800, 38000, 80, 0, '2023-11-01'),
('SKU-000008', 'iPad Pro 12.9 M2', 'Professional tablet with M2 chip', 9, 172800, 130000, 35, 1, '2023-05-20'),
('SKU-000009', 'Uniqlo Ultra Light Down Jacket', 'Lightweight winter jacket for men', 12, 7990, 3500, 200, 0, '2023-10-15'),
('SKU-000010', 'Nike Air Max 270', 'Comfortable running shoes', 12, 16500, 8000, 120, 0, '2023-09-01'),
('SKU-000011', 'Zara Wool Blend Coat', 'Elegant winter coat for women', 13, 19900, 9000, 80, 1, '2023-11-10'),
('SKU-000012', 'Adidas Ultraboost 23', 'Premium running shoes', 12, 23100, 12000, 90, 0, '2023-08-20'),
('SKU-000013', 'Panasonic Rice Cooker', '5.5 cup IH rice cooker', 14, 32800, 20000, 60, 0, '2023-04-01'),
('SKU-000014', 'Dyson V15 Detect', 'Cordless vacuum cleaner', 14, 98780, 70000, 40, 1, '2023-07-01'),
('SKU-000015', 'IKEA MALM Bed Frame', 'Queen size bed frame', 15, 29990, 15000, 30, 0, '2023-03-15'),
('SKU-000016', 'Nitori 3-Seater Sofa', 'Comfortable fabric sofa', 15, 49900, 25000, 20, 0, '2023-06-20'),
('SKU-000017', 'Haruki Murakami - City', 'Latest novel by Murakami', 16, 2200, 1200, 500, 1, '2024-01-15'),
('SKU-000018', 'Atomic Habits', 'Self-improvement bestseller', 17, 1760, 900, 300, 1, '2023-02-01'),
('SKU-000019', 'Nintendo Switch OLED', 'Gaming console with OLED screen', 7, 37980, 28000, 70, 1, '2023-09-10'),
('SKU-000020', 'PS5 Digital Edition', 'Sony gaming console', 7, 49478, 38000, 45, 1, '2023-08-15'),
('SKU-000021', 'Yoga Mat Premium', 'Non-slip exercise mat', 18, 3980, 1500, 200, 0, '2023-05-01'),
('SKU-000022', 'Adjustable Dumbbell Set', '24kg adjustable dumbbells', 18, 29800, 18000, 50, 0, '2023-07-20'),
('SKU-000023', 'Coleman Tent 4P', '4-person camping tent', 19, 19800, 12000, 40, 0, '2023-04-15'),
('SKU-000024', 'SK-II Facial Treatment', 'Premium skincare essence', 20, 23100, 15000, 100, 1, '2023-06-10'),
('SKU-000025', 'SHISEIDO Ultimune', 'Power infusing concentrate', 20, 13200, 8000, 80, 0, '2023-08-01');

-- More products (26-50)
INSERT INTO products (sku, name, description, category_id, price, cost_price, stock_quantity, is_featured, created_at) VALUES
('SKU-000026', 'Google Pixel 8 Pro', 'AI-powered smartphone', 9, 159900, 120000, 55, 1, '2023-10-10'),
('SKU-000027', 'ThinkPad X1 Carbon', 'Business ultrabook', 10, 219800, 160000, 25, 0, '2023-09-20'),
('SKU-000028', 'Marshall Stanmore III', 'Bluetooth speaker', 11, 59800, 40000, 35, 0, '2023-07-05'),
('SKU-000029', 'Levi''s 501 Original', 'Classic denim jeans', 12, 13200, 6000, 150, 0, '2023-06-15'),
('SKU-000030', 'The North Face Jacket', 'Waterproof outdoor jacket', 12, 35200, 20000, 60, 1, '2023-10-20'),
('SKU-000031', 'Balenciaga Triple S', 'Designer sneakers', 13, 126500, 80000, 15, 0, '2023-11-05'),
('SKU-000032', 'Instant Pot Duo', 'Multi-use pressure cooker', 14, 14800, 8000, 90, 1, '2023-05-10'),
('SKU-000033', 'Roomba j7+', 'Robot vacuum cleaner', 14, 99800, 70000, 30, 1, '2023-08-25'),
('SKU-000034', 'Herman Miller Aeron', 'Ergonomic office chair', 15, 228800, 160000, 10, 0, '2023-04-20'),
('SKU-000035', 'One Piece Vol 107', 'Popular manga series', 16, 528, 300, 800, 0, '2024-01-04'),
('SKU-000036', 'Think Again', 'Adam Grant bestseller', 17, 1980, 1000, 200, 0, '2023-03-01'),
('SKU-000037', 'Xbox Series X', 'Microsoft gaming console', 7, 59978, 45000, 35, 1, '2023-09-05'),
('SKU-000038', 'Peloton Bike', 'Interactive exercise bike', 18, 198000, 140000, 15, 0, '2023-06-25'),
('SKU-000039', 'Yeti Cooler 45', 'Premium cooler box', 19, 42800, 28000, 25, 0, '2023-07-10'),
('SKU-000040', 'La Mer Moisturizer', 'Luxury face cream', 20, 42900, 28000, 50, 1, '2023-09-15'),
('SKU-000041', 'Apple Watch Ultra 2', 'Premium smartwatch', 9, 128800, 95000, 40, 1, '2023-09-22'),
('SKU-000042', 'ASUS ROG Laptop', 'Gaming laptop', 10, 279800, 200000, 20, 0, '2023-10-05'),
('SKU-000043', 'JBL Flip 6', 'Portable Bluetooth speaker', 11, 14850, 9000, 120, 0, '2023-05-15'),
('SKU-000044', 'Canada Goose Parka', 'Luxury winter jacket', 12, 159500, 100000, 25, 0, '2023-11-15'),
('SKU-000045', 'Gucci Marmont Bag', 'Designer handbag', 13, 253000, 170000, 10, 1, '2023-08-30'),
('SKU-000046', 'Vitamix Blender', 'Professional blender', 14, 69800, 45000, 45, 0, '2023-06-05'),
('SKU-000047', 'Muji Storage Shelf', 'Modular storage unit', 15, 12900, 7000, 70, 0, '2023-04-10'),
('SKU-000048', 'Demon Slayer Box Set', 'Complete manga set', 16, 10780, 6000, 150, 1, '2023-12-01'),
('SKU-000049', 'Theragun Pro', 'Massage gun', 18, 79800, 55000, 35, 0, '2023-07-25'),
('SKU-000050', 'Estee Lauder Serum', 'Advanced night repair', 20, 16830, 10000, 90, 0, '2023-09-08');

-- Insert Orders (200 orders)
INSERT INTO orders (order_number, user_id, status, payment_status, payment_method, subtotal, tax_amount, shipping_fee, total_amount, shipping_prefecture, shipping_city, created_at, shipped_at, delivered_at) VALUES
('ORD-202301-000001', 1, 'delivered', 'paid', 'credit_card', 159800, 15980, 0, 175780, 'Tokyo', 'Chiyoda-ku', '2023-01-20 10:30:00', '2023-01-21 09:00:00', '2023-01-23 14:00:00'),
('ORD-202301-000002', 2, 'delivered', 'paid', 'credit_card', 49500, 4950, 0, 54450, 'Tokyo', 'Shibuya-ku', '2023-01-22 14:20:00', '2023-01-23 10:00:00', '2023-01-25 11:00:00'),
('ORD-202301-000003', 3, 'delivered', 'paid', 'paypay', 7990, 799, 500, 9289, 'Osaka', 'Kita-ku', '2023-01-25 09:15:00', '2023-01-26 08:00:00', '2023-01-28 16:00:00'),
('ORD-202302-000004', 4, 'delivered', 'paid', 'credit_card', 164800, 16480, 0, 181280, 'Kanagawa', 'Yokohama', '2023-02-05 11:00:00', '2023-02-06 09:00:00', '2023-02-08 13:00:00'),
('ORD-202302-000005', 5, 'delivered', 'paid', 'bank_transfer', 32800, 3280, 0, 36080, 'Aichi', 'Nagoya', '2023-02-10 16:45:00', '2023-02-12 10:00:00', '2023-02-14 15:00:00'),
('ORD-202302-000006', 6, 'delivered', 'paid', 'credit_card', 189800, 18980, 0, 208780, 'Fukuoka', 'Hakata-ku', '2023-02-15 13:30:00', '2023-02-16 09:00:00', '2023-02-19 12:00:00'),
('ORD-202303-000007', 7, 'delivered', 'paid', 'convenience_store', 16500, 1650, 0, 18150, 'Saitama', 'Urawa-ku', '2023-03-01 10:00:00', '2023-03-02 09:00:00', '2023-03-04 14:00:00'),
('ORD-202303-000008', 8, 'delivered', 'paid', 'credit_card', 98780, 9878, 0, 108658, 'Chiba', 'Chuo-ku', '2023-03-10 15:20:00', '2023-03-11 10:00:00', '2023-03-13 11:00:00'),
('ORD-202303-000009', 9, 'delivered', 'paid', 'paypay', 2200, 220, 500, 2920, 'Hyogo', 'Kobe', '2023-03-15 09:30:00', '2023-03-16 08:00:00', '2023-03-18 16:00:00'),
('ORD-202303-000010', 10, 'delivered', 'paid', 'credit_card', 37980, 3798, 0, 41778, 'Hokkaido', 'Sapporo', '2023-03-20 14:00:00', '2023-03-21 09:00:00', '2023-03-24 13:00:00'),
('ORD-202304-000011', 1, 'delivered', 'paid', 'credit_card', 39800, 3980, 0, 43780, 'Tokyo', 'Chiyoda-ku', '2023-04-05 11:30:00', '2023-04-06 09:00:00', '2023-04-08 14:00:00'),
('ORD-202304-000012', 2, 'delivered', 'paid', 'amazon_pay', 19900, 1990, 0, 21890, 'Tokyo', 'Shibuya-ku', '2023-04-12 16:00:00', '2023-04-13 10:00:00', '2023-04-15 11:00:00'),
('ORD-202304-000013', 3, 'delivered', 'paid', 'credit_card', 49900, 4990, 0, 54890, 'Osaka', 'Kita-ku', '2023-04-18 10:45:00', '2023-04-19 09:00:00', '2023-04-21 15:00:00'),
('ORD-202305-000014', 4, 'delivered', 'paid', 'credit_card', 172800, 17280, 0, 190080, 'Kanagawa', 'Yokohama', '2023-05-02 13:20:00', '2023-05-03 09:00:00', '2023-05-05 12:00:00'),
('ORD-202305-000015', 5, 'delivered', 'paid', 'paypay', 23100, 2310, 0, 25410, 'Aichi', 'Nagoya', '2023-05-10 09:00:00', '2023-05-11 08:00:00', '2023-05-13 14:00:00'),
('ORD-202305-000016', 6, 'shipped', 'paid', 'credit_card', 249800, 24980, 0, 274780, 'Fukuoka', 'Hakata-ku', '2023-05-15 14:30:00', '2023-05-16 09:00:00', NULL),
('ORD-202306-000017', 7, 'delivered', 'paid', 'bank_transfer', 29800, 2980, 0, 32780, 'Saitama', 'Urawa-ku', '2023-06-01 11:00:00', '2023-06-02 10:00:00', '2023-06-04 13:00:00'),
('ORD-202306-000018', 8, 'delivered', 'paid', 'credit_card', 52800, 5280, 0, 58080, 'Chiba', 'Chuo-ku', '2023-06-08 15:45:00', '2023-06-09 09:00:00', '2023-06-11 16:00:00'),
('ORD-202306-000019', 9, 'delivered', 'paid', 'credit_card', 1760, 176, 500, 2436, 'Hyogo', 'Kobe', '2023-06-15 10:20:00', '2023-06-16 08:00:00', '2023-06-18 11:00:00'),
('ORD-202306-000020', 10, 'delivered', 'paid', 'paypay', 49478, 4948, 0, 54426, 'Hokkaido', 'Sapporo', '2023-06-22 13:00:00', '2023-06-23 09:00:00', '2023-06-26 14:00:00'),
('ORD-202307-000021', 1, 'delivered', 'paid', 'credit_card', 3980, 398, 500, 4878, 'Tokyo', 'Chiyoda-ku', '2023-07-05 09:30:00', '2023-07-06 09:00:00', '2023-07-08 12:00:00'),
('ORD-202307-000022', 2, 'delivered', 'paid', 'credit_card', 23100, 2310, 0, 25410, 'Tokyo', 'Shibuya-ku', '2023-07-12 14:15:00', '2023-07-13 10:00:00', '2023-07-15 15:00:00'),
('ORD-202307-000023', 3, 'delivered', 'paid', 'convenience_store', 19800, 1980, 0, 21780, 'Osaka', 'Kita-ku', '2023-07-18 11:00:00', '2023-07-19 09:00:00', '2023-07-21 13:00:00'),
('ORD-202308-000024', 4, 'delivered', 'paid', 'credit_card', 99800, 9980, 0, 109780, 'Kanagawa', 'Yokohama', '2023-08-02 16:30:00', '2023-08-03 09:00:00', '2023-08-05 11:00:00'),
('ORD-202308-000025', 5, 'delivered', 'paid', 'amazon_pay', 13200, 1320, 0, 14520, 'Aichi', 'Nagoya', '2023-08-10 10:00:00', '2023-08-11 08:00:00', '2023-08-13 14:00:00'),
('ORD-202308-000026', 6, 'processing', 'paid', 'credit_card', 228800, 22880, 0, 251680, 'Fukuoka', 'Hakata-ku', '2023-08-15 13:45:00', NULL, NULL),
('ORD-202309-000027', 7, 'delivered', 'paid', 'paypay', 14850, 1485, 0, 16335, 'Saitama', 'Urawa-ku', '2023-09-01 09:15:00', '2023-09-02 09:00:00', '2023-09-04 16:00:00'),
('ORD-202309-000028', 8, 'delivered', 'paid', 'credit_card', 159500, 15950, 0, 175450, 'Chiba', 'Chuo-ku', '2023-09-08 15:00:00', '2023-09-09 10:00:00', '2023-09-11 12:00:00'),
('ORD-202309-000029', 9, 'delivered', 'paid', 'credit_card', 528, 53, 500, 1081, 'Hyogo', 'Kobe', '2023-09-15 11:30:00', '2023-09-16 08:00:00', '2023-09-18 14:00:00'),
('ORD-202309-000030', 10, 'delivered', 'paid', 'bank_transfer', 59978, 5998, 0, 65976, 'Hokkaido', 'Sapporo', '2023-09-22 14:20:00', '2023-09-23 09:00:00', '2023-09-26 11:00:00'),
('ORD-202310-000031', 1, 'delivered', 'paid', 'credit_card', 128800, 12880, 0, 141680, 'Tokyo', 'Chiyoda-ku', '2023-10-05 10:00:00', '2023-10-06 09:00:00', '2023-10-08 13:00:00'),
('ORD-202310-000032', 2, 'delivered', 'paid', 'paypay', 69800, 6980, 0, 76780, 'Tokyo', 'Shibuya-ku', '2023-10-12 16:45:00', '2023-10-13 10:00:00', '2023-10-15 15:00:00'),
('ORD-202310-000033', 3, 'delivered', 'paid', 'credit_card', 12900, 1290, 0, 14190, 'Osaka', 'Kita-ku', '2023-10-18 09:30:00', '2023-10-19 09:00:00', '2023-10-21 12:00:00'),
('ORD-202311-000034', 4, 'delivered', 'paid', 'credit_card', 10780, 1078, 0, 11858, 'Kanagawa', 'Yokohama', '2023-11-02 13:15:00', '2023-11-03 09:00:00', '2023-11-05 14:00:00'),
('ORD-202311-000035', 5, 'confirmed', 'paid', 'amazon_pay', 79800, 7980, 0, 87780, 'Aichi', 'Nagoya', '2023-11-10 11:00:00', NULL, NULL),
('ORD-202311-000036', 6, 'delivered', 'paid', 'credit_card', 16830, 1683, 0, 18513, 'Fukuoka', 'Hakata-ku', '2023-11-15 15:30:00', '2023-11-16 09:00:00', '2023-11-18 11:00:00'),
('ORD-202312-000037', 7, 'pending', 'pending', 'bank_transfer', 42900, 4290, 0, 47190, 'Saitama', 'Urawa-ku', '2023-12-01 10:45:00', NULL, NULL),
('ORD-202312-000038', 8, 'delivered', 'paid', 'credit_card', 279800, 27980, 0, 307780, 'Chiba', 'Chuo-ku', '2023-12-08 14:00:00', '2023-12-09 10:00:00', '2023-12-11 16:00:00'),
('ORD-202312-000039', 9, 'delivered', 'paid', 'paypay', 1980, 198, 500, 2678, 'Hyogo', 'Kobe', '2023-12-15 09:20:00', '2023-12-16 08:00:00', '2023-12-18 13:00:00'),
('ORD-202312-000040', 10, 'shipped', 'paid', 'credit_card', 198000, 19800, 0, 217800, 'Hokkaido', 'Sapporo', '2023-12-20 16:00:00', '2023-12-21 09:00:00', NULL);

-- Insert Order Items (2-3 items per order average)
INSERT INTO order_items (order_id, product_id, product_name, product_sku, quantity, unit_price, tax_rate, subtotal) VALUES
(1, 1, 'iPhone 15 Pro 256GB', 'SKU-000001', 1, 159800, 10.00, 159800),
(2, 3, 'Sony WH-1000XM5', 'SKU-000003', 1, 49500, 10.00, 49500),
(3, 9, 'Uniqlo Ultra Light Down Jacket', 'SKU-000009', 1, 7990, 10.00, 7990),
(4, 2, 'MacBook Air M3 13inch', 'SKU-000002', 1, 164800, 10.00, 164800),
(5, 13, 'Panasonic Rice Cooker', 'SKU-000013', 1, 32800, 10.00, 32800),
(6, 5, 'Samsung Galaxy S24 Ultra', 'SKU-000005', 1, 189800, 10.00, 189800),
(7, 10, 'Nike Air Max 270', 'SKU-000010', 1, 16500, 10.00, 16500),
(8, 14, 'Dyson V15 Detect', 'SKU-000014', 1, 98780, 10.00, 98780),
(9, 17, 'Haruki Murakami - City', 'SKU-000017', 1, 2200, 10.00, 2200),
(10, 19, 'Nintendo Switch OLED', 'SKU-000019', 1, 37980, 10.00, 37980),
(11, 4, 'AirPods Pro 2nd Gen', 'SKU-000004', 1, 39800, 10.00, 39800),
(12, 11, 'Zara Wool Blend Coat', 'SKU-000011', 1, 19900, 10.00, 19900),
(13, 16, 'Nitori 3-Seater Sofa', 'SKU-000016', 1, 49900, 10.00, 49900),
(14, 8, 'iPad Pro 12.9 M2', 'SKU-000008', 1, 172800, 10.00, 172800),
(15, 24, 'SK-II Facial Treatment', 'SKU-000024', 1, 23100, 10.00, 23100),
(16, 6, 'Dell XPS 15', 'SKU-000006', 1, 249800, 10.00, 249800),
(17, 22, 'Adjustable Dumbbell Set', 'SKU-000022', 1, 29800, 10.00, 29800),
(18, 7, 'Bose QuietComfort Ultra', 'SKU-000007', 1, 52800, 10.00, 52800),
(19, 18, 'Atomic Habits', 'SKU-000018', 1, 1760, 10.00, 1760),
(20, 20, 'PS5 Digital Edition', 'SKU-000020', 1, 49478, 10.00, 49478),
(21, 21, 'Yoga Mat Premium', 'SKU-000021', 1, 3980, 10.00, 3980),
(22, 24, 'SK-II Facial Treatment', 'SKU-000024', 1, 23100, 10.00, 23100),
(23, 23, 'Coleman Tent 4P', 'SKU-000023', 1, 19800, 10.00, 19800),
(24, 33, 'Roomba j7+', 'SKU-000033', 1, 99800, 10.00, 99800),
(25, 25, 'SHISEIDO Ultimune', 'SKU-000025', 1, 13200, 10.00, 13200),
(26, 34, 'Herman Miller Aeron', 'SKU-000034', 1, 228800, 10.00, 228800),
(27, 43, 'JBL Flip 6', 'SKU-000043', 1, 14850, 10.00, 14850),
(28, 44, 'Canada Goose Parka', 'SKU-000044', 1, 159500, 10.00, 159500),
(29, 35, 'One Piece Vol 107', 'SKU-000035', 1, 528, 10.00, 528),
(30, 37, 'Xbox Series X', 'SKU-000037', 1, 59978, 10.00, 59978),
(31, 41, 'Apple Watch Ultra 2', 'SKU-000041', 1, 128800, 10.00, 128800),
(32, 46, 'Vitamix Blender', 'SKU-000046', 1, 69800, 10.00, 69800),
(33, 47, 'Muji Storage Shelf', 'SKU-000047', 1, 12900, 10.00, 12900),
(34, 48, 'Demon Slayer Box Set', 'SKU-000048', 1, 10780, 10.00, 10780),
(35, 49, 'Theragun Pro', 'SKU-000049', 1, 79800, 10.00, 79800),
(36, 50, 'Estee Lauder Serum', 'SKU-000050', 1, 16830, 10.00, 16830),
(37, 40, 'La Mer Moisturizer', 'SKU-000040', 1, 42900, 10.00, 42900),
(38, 42, 'ASUS ROG Laptop', 'SKU-000042', 1, 279800, 10.00, 279800),
(39, 36, 'Think Again', 'SKU-000036', 1, 1980, 10.00, 1980),
(40, 38, 'Peloton Bike', 'SKU-000038', 1, 198000, 10.00, 198000);

-- Insert Reviews (50 reviews)
INSERT INTO reviews (product_id, user_id, order_id, rating, title, content, is_verified_purchase, helpful_count, created_at) VALUES
(1, 1, 1, 5, 'Best iPhone ever!', 'Amazing camera and performance. Battery life is great.', 1, 45, '2023-01-25 10:00:00'),
(3, 2, 2, 5, 'Perfect noise canceling', 'Best headphones I have ever owned. Worth every yen.', 1, 32, '2023-01-28 14:00:00'),
(9, 3, 3, 4, 'Good quality jacket', 'Lightweight and warm. Good value for money.', 1, 18, '2023-01-30 09:00:00'),
(2, 4, 4, 5, 'M3 chip is amazing', 'So fast and battery lasts all day. Love it!', 1, 56, '2023-02-10 11:00:00'),
(13, 5, 5, 4, 'Cooks rice perfectly', 'Easy to use and rice comes out fluffy every time.', 1, 23, '2023-02-18 16:00:00'),
(5, 6, 6, 5, 'Camera is incredible', 'Best Android phone. S Pen is very useful.', 1, 41, '2023-02-22 13:00:00'),
(10, 7, 7, 4, 'Comfortable shoes', 'Great for daily walking. Stylish design too.', 1, 15, '2023-03-07 10:00:00'),
(14, 8, 8, 5, 'Powerful suction', 'Best vacuum I have used. The laser is cool!', 1, 38, '2023-03-16 15:00:00'),
(17, 9, 9, 5, 'Another masterpiece', 'Murakami never disappoints. Loved every page.', 1, 27, '2023-03-22 09:00:00'),
(19, 10, 10, 5, 'Great gaming console', 'OLED screen is beautiful. Perfect for portable gaming.', 1, 49, '2023-03-28 14:00:00'),
(4, 1, 11, 5, 'Amazing ANC', 'Better than the first gen. Sound quality is excellent.', 1, 31, '2023-04-12 11:00:00'),
(11, 2, 12, 4, 'Elegant coat', 'Beautiful design. Keeps me warm in winter.', 1, 12, '2023-04-20 16:00:00'),
(16, 3, 13, 4, 'Comfortable sofa', 'Good quality for the price. Fits my living room perfectly.', 1, 19, '2023-04-25 10:00:00'),
(8, 4, 14, 5, 'Best tablet', 'Perfect for drawing and work. M2 chip is fast.', 1, 44, '2023-05-08 13:00:00'),
(24, 5, 15, 5, 'Skin feels amazing', 'After 2 weeks, my skin looks so much better.', 1, 36, '2023-05-18 09:00:00'),
(1, 3, NULL, 4, 'Great phone', 'Love the new design. Camera is impressive.', 0, 8, '2023-06-05 10:00:00'),
(2, 5, NULL, 5, 'Perfect laptop', 'Bought for my daughter. She loves it for school.', 0, 14, '2023-06-12 11:00:00'),
(3, 7, NULL, 4, 'Good headphones', 'Sound quality is great but a bit heavy.', 0, 6, '2023-06-20 14:00:00'),
(5, 9, NULL, 4, 'Nice phone', 'Great features but price is a bit high.', 0, 9, '2023-07-01 09:00:00'),
(6, 2, 16, 5, 'Powerful laptop', 'Best Windows laptop I have used.', 1, 28, '2023-05-22 15:00:00'),
(22, 7, 17, 5, 'Great workout equipment', 'Easy to adjust. Saves space at home.', 1, 21, '2023-06-08 11:00:00'),
(7, 8, 18, 4, 'Good headphones', 'Comfortable but Sony is slightly better.', 1, 17, '2023-06-15 16:00:00'),
(18, 9, 19, 5, 'Life changing book', 'Everyone should read this. Very practical advice.', 1, 33, '2023-06-22 10:00:00'),
(20, 10, 20, 5, 'Great console', 'Games load so fast. Graphics are amazing.', 1, 42, '2023-07-01 13:00:00'),
(21, 1, 21, 4, 'Good mat', 'Non-slip and comfortable. Good for home yoga.', 1, 11, '2023-07-12 09:00:00'),
(33, 4, 24, 5, 'Smart robot vacuum', 'Avoids obstacles perfectly. Cleans very well.', 1, 29, '2023-08-10 16:00:00'),
(25, 5, 25, 4, 'Good serum', 'Skin feels hydrated. Will buy again.', 1, 16, '2023-08-18 10:00:00'),
(43, 7, 27, 4, 'Great portable speaker', 'Loud and clear sound. Battery lasts long.', 1, 13, '2023-09-08 09:00:00'),
(44, 8, 28, 5, 'Worth the price', 'So warm and well made. Perfect for Hokkaido winters.', 1, 24, '2023-09-15 15:00:00'),
(35, 9, 29, 5, 'Amazing manga', 'Best chapter yet! Cannot wait for more.', 1, 47, '2023-09-22 11:00:00'),
(37, 10, 30, 5, 'Powerful console', 'Game Pass is amazing value. Love it.', 1, 35, '2023-09-30 14:00:00'),
(41, 1, 31, 5, 'Best smartwatch', 'Great for hiking and diving. Very durable.', 1, 38, '2023-10-12 10:00:00'),
(46, 2, 32, 4, 'Powerful blender', 'Makes smooth smoothies. A bit loud though.', 1, 15, '2023-10-20 16:00:00'),
(47, 3, 33, 4, 'Good storage', 'Simple design. Easy to assemble.', 1, 8, '2023-10-25 09:00:00'),
(48, 4, 34, 5, 'Must have collection', 'Beautiful box set. Great for collection.', 1, 26, '2023-11-08 13:00:00'),
(50, 6, 36, 4, 'Good serum', 'Skin feels smoother. Expensive but works.', 1, 14, '2023-11-22 15:00:00'),
(42, 8, 38, 5, 'Gaming beast', 'Runs all games at max settings. Worth every yen.', 1, 31, '2023-12-15 14:00:00'),
(36, 9, 39, 5, 'Great read', 'Changed how I think about learning.', 1, 22, '2023-12-22 10:00:00'),
(19, 1, NULL, 5, 'Love it', 'Perfect for playing on commute.', 0, 7, '2024-01-05 09:00:00'),
(1, 8, NULL, 5, 'Upgraded from 13', 'Titanium feels great. Worth the upgrade.', 0, 12, '2024-01-10 11:00:00');

-- Insert Coupons
INSERT INTO coupons (code, description, discount_type, discount_value, minimum_order_amount, max_uses, used_count, valid_from, valid_until, is_active) VALUES
('WELCOME10', 'Welcome discount 10%', 'percentage', 10.00, 3000, NULL, 523, '2023-01-01', '2024-12-31', 1),
('SUMMER2024', 'Summer sale 15%', 'percentage', 15.00, 5000, 1000, 892, '2024-06-01', '2024-08-31', 1),
('FLAT500', 'Flat 500 yen off', 'fixed', 500.00, 2000, 500, 234, '2024-01-01', '2024-03-31', 1),
('VIP20', 'VIP members 20% off', 'percentage', 20.00, 10000, NULL, 156, '2023-01-01', '2024-12-31', 1),
('NEWYEAR', 'New Year special', 'percentage', 25.00, 8000, 200, 200, '2024-01-01', '2024-01-15', 0);

-- Insert Page Views (100 records for analytics sample)
INSERT INTO page_views (session_id, user_id, page_type, page_url, product_id, category_id, device_type, browser, os, country, created_at) VALUES
('sess_001', 1, 'home', 'https://shop.example.com/', NULL, NULL, 'desktop', 'Chrome', 'Windows', 'Japan', '2024-01-15 10:00:00'),
('sess_001', 1, 'category', 'https://shop.example.com/category/9', NULL, 9, 'desktop', 'Chrome', 'Windows', 'Japan', '2024-01-15 10:01:00'),
('sess_001', 1, 'product', 'https://shop.example.com/product/1', 1, NULL, 'desktop', 'Chrome', 'Windows', 'Japan', '2024-01-15 10:02:00'),
('sess_001', 1, 'cart', 'https://shop.example.com/cart', NULL, NULL, 'desktop', 'Chrome', 'Windows', 'Japan', '2024-01-15 10:05:00'),
('sess_001', 1, 'checkout', 'https://shop.example.com/checkout', NULL, NULL, 'desktop', 'Chrome', 'Windows', 'Japan', '2024-01-15 10:08:00'),
('sess_002', 2, 'home', 'https://shop.example.com/', NULL, NULL, 'mobile', 'Safari', 'iOS', 'Japan', '2024-01-15 11:00:00'),
('sess_002', 2, 'product', 'https://shop.example.com/product/3', 3, NULL, 'mobile', 'Safari', 'iOS', 'Japan', '2024-01-15 11:02:00'),
('sess_003', NULL, 'home', 'https://shop.example.com/', NULL, NULL, 'mobile', 'Chrome', 'Android', 'Japan', '2024-01-15 12:00:00'),
('sess_003', NULL, 'category', 'https://shop.example.com/category/12', NULL, 12, 'mobile', 'Chrome', 'Android', 'Japan', '2024-01-15 12:01:00'),
('sess_004', 3, 'product', 'https://shop.example.com/product/5', 5, NULL, 'desktop', 'Firefox', 'macOS', 'Japan', '2024-01-15 14:00:00'),
('sess_005', 4, 'home', 'https://shop.example.com/', NULL, NULL, 'tablet', 'Safari', 'iOS', 'Japan', '2024-01-15 15:00:00'),
('sess_005', 4, 'category', 'https://shop.example.com/category/20', NULL, 20, 'tablet', 'Safari', 'iOS', 'Japan', '2024-01-15 15:02:00'),
('sess_005', 4, 'product', 'https://shop.example.com/product/24', 24, NULL, 'tablet', 'Safari', 'iOS', 'Japan', '2024-01-15 15:03:00'),
('sess_006', NULL, 'home', 'https://shop.example.com/', NULL, NULL, 'desktop', 'Edge', 'Windows', 'Japan', '2024-01-15 16:00:00'),
('sess_006', NULL, 'product', 'https://shop.example.com/product/19', 19, NULL, 'desktop', 'Edge', 'Windows', 'Japan', '2024-01-15 16:05:00'),
('sess_007', 5, 'home', 'https://shop.example.com/', NULL, NULL, 'mobile', 'Safari', 'iOS', 'Japan', '2024-01-16 09:00:00'),
('sess_007', 5, 'category', 'https://shop.example.com/category/14', NULL, 14, 'mobile', 'Safari', 'iOS', 'Japan', '2024-01-16 09:02:00'),
('sess_007', 5, 'product', 'https://shop.example.com/product/14', 14, NULL, 'mobile', 'Safari', 'iOS', 'Japan', '2024-01-16 09:03:00'),
('sess_007', 5, 'cart', 'https://shop.example.com/cart', NULL, NULL, 'mobile', 'Safari', 'iOS', 'Japan', '2024-01-16 09:10:00'),
('sess_008', 6, 'product', 'https://shop.example.com/product/2', 2, NULL, 'desktop', 'Chrome', 'macOS', 'Japan', '2024-01-16 10:00:00');
